<?xml version="1.0" encoding="UTF-8"?>
<project-private xmlns="http://www.netbeans.org/ns/project-private/1">
    <editor-bookmarks xmlns="http://www.netbeans.org/ns/editor-bookmarks/2" lastBookmarkId="0"/>
    <open-files xmlns="http://www.netbeans.org/ns/projectui-open-files/2">
        <group>
            <file>file:/C:/Users/tg178/OneDrive/Documentos/NetBeansProjects/ParcialVideojuegos/src/parcialvideojuegos/ParcialVideojuegos.java</file>
            <file>file:/C:/Users/tg178/OneDrive/Documentos/NetBeansProjects/ParcialVideojuegos/src/model/CategoriaVideojuego.java</file>
            <file>file:/C:/Users/tg178/OneDrive/Documentos/NetBeansProjects/ParcialVideojuegos/src/model/Torneo.java</file>
            <file>file:/C:/Users/tg178/OneDrive/Documentos/NetBeansProjects/ParcialVideojuegos/src/model/TorneoVideojuego.java</file>
            <file>file:/C:/Users/tg178/OneDrive/Documentos/NetBeansProjects/ParcialVideojuegos/src/model/CSVSerializable.java</file>
            <file>file:/C:/Users/tg178/OneDrive/Documentos/NetBeansProjects/ParcialVideojuegos/src/services/Gestionable.java</file>
            <file>file:/C:/Users/tg178/OneDrive/Documentos/NetBeansProjects/ParcialVideojuegos/src/services/GestorEventos.java</file>
            <file>file:/C:/Users/tg178/OneDrive/Documentos/NetBeansProjects/ParcialVideojuegos/src/config/config.java</file>
        </group>
    </open-files>
</project-private>
